City_ID,City,Country,Lat,Lng,Max Temp,Humidity,Cloudiness,Wind Speed,Description
0,Busselton,AU,-33.65,115.33,54.0,96,22,7.92,few clouds
1,Vaini,TO,-21.2,-175.2,75.2,78,40,12.75,scattered clouds
2,Bontang,ID,0.13,117.5,76.84,86,96,6.71,overcast clouds
3,Thompson,CA,55.74,-97.86,26.6,63,75,9.17,broken clouds
4,Porto Walter,BR,-8.27,-72.74,92.8,47,97,2.33,overcast clouds
5,Lebu,CL,-37.62,-73.65,53.44,66,97,13.44,overcast clouds
6,Vinh,VN,18.67,105.67,72.99,87,99,8.39,overcast clouds
7,Alofi,NU,-19.06,-169.92,69.8,94,90,14.99,shower rain
8,Punta Arenas,CL,-53.15,-70.92,46.4,55,0,21.92,clear sky
9,Albany,US,42.6,-73.97,50.0,61,100,3.29,overcast clouds
10,Jamestown,US,42.1,-79.24,45.0,81,90,8.05,overcast clouds
11,Hithadhoo,MV,-0.6,73.08,83.43,67,93,9.44,overcast clouds
12,Chokurdakh,RU,70.63,147.92,11.64,97,100,1.3,light snow
13,Troitsko-Pechorsk,RU,62.71,56.2,30.4,98,100,7.34,overcast clouds
14,Kaitangata,NZ,-46.28,169.85,55.0,71,4,4.0,clear sky
15,Rikitea,PF,-23.12,-134.97,75.33,84,100,17.27,overcast clouds
16,Clarence Town,AU,-32.58,151.78,63.0,82,75,9.17,broken clouds
17,Puerto Narino,CO,-3.77,-70.38,84.2,89,75,4.7,heavy intensity rain
18,Ushuaia,AR,-54.8,-68.3,46.4,42,20,11.41,few clouds
19,Tiksi,RU,71.69,128.87,-1.19,91,50,10.69,scattered clouds
20,Komsomolskiy,UZ,40.43,71.72,51.8,40,98,2.24,overcast clouds
21,Ironton,US,38.54,-82.68,64.99,72,90,8.05,overcast clouds
22,Kloulklubed,PW,7.04,134.26,75.2,94,75,2.91,broken clouds
23,Pierre,US,44.37,-100.35,34.0,85,1,10.29,clear sky
24,Cape Town,ZA,-33.93,18.42,64.0,87,75,2.24,broken clouds
25,Saint George,US,37.1,-113.58,57.99,10,1,3.8,clear sky
26,Kyzyl-Suu,KG,42.34,78.01,44.37,50,100,9.22,overcast clouds
27,Kodiak,US,57.79,-152.41,48.2,45,1,8.05,clear sky
28,San Jose,US,37.34,-121.89,77.0,13,1,14.99,clear sky
29,Dubrovnik,HR,42.65,18.09,60.8,82,20,9.17,few clouds
30,Bitam,GA,2.08,11.5,69.42,98,70,2.93,light rain
31,Ewa Beach,US,21.32,-158.01,80.6,74,1,1.97,clear sky
32,Avera,US,33.19,-82.53,80.6,61,40,3.36,scattered clouds
33,Egvekinot,RU,66.32,-179.17,18.36,92,99,4.27,overcast clouds
34,Atuona,PF,-9.8,-139.03,79.05,72,2,20.56,clear sky
35,Antalaha,MG,-14.9,50.28,70.72,85,6,4.36,clear sky
36,Buraydah,SA,26.33,43.98,71.6,24,0,6.93,clear sky
37,Puerto Ayora,EC,-0.74,-90.35,75.2,69,40,10.29,scattered clouds
38,New Norfolk,AU,-42.78,147.06,53.01,74,76,1.01,broken clouds
39,Bykovo,RU,55.64,38.08,46.0,93,0,6.71,clear sky
40,Bambous Virieux,MU,-20.34,57.76,70.0,79,0,3.0,clear sky
41,Touros,BR,-5.2,-35.46,80.6,74,0,13.87,clear sky
42,Mahajanga,MG,-15.72,46.32,77.0,65,20,5.82,few clouds
43,Saint-Philippe,RE,-21.36,55.77,73.4,64,0,8.05,clear sky
44,Olafsvik,IS,64.89,-23.71,40.26,68,96,18.5,light rain
45,Butaritari,KI,3.07,172.79,81.18,66,100,5.99,overcast clouds
46,Las Cruces,US,32.31,-106.78,33.01,79,90,4.68,overcast clouds
47,Sao Filipe,CV,14.9,-24.5,82.02,69,100,6.8,overcast clouds
48,Huarmey,PE,-10.07,-78.15,67.95,73,100,7.65,overcast clouds
49,Bathsheba,BB,13.22,-59.52,80.6,88,75,13.87,shower rain
50,Kununurra,AU,-15.77,128.73,77.0,100,98,3.49,overcast clouds
51,Le Port,RE,-20.94,55.29,73.4,69,90,3.36,overcast clouds
52,Luderitz,NA,-26.65,15.16,58.64,74,25,9.44,scattered clouds
53,Luanda,AO,-8.84,13.23,77.0,88,40,4.7,scattered clouds
54,Norman Wells,CA,65.28,-126.83,19.4,79,75,11.41,broken clouds
55,Ponta Do Sol,PT,32.67,-17.1,66.2,72,40,4.7,scattered clouds
56,Severo-Kurilsk,RU,50.68,156.12,42.76,85,15,6.17,few clouds
57,Pevek,RU,69.7,170.31,20.89,97,100,16.11,light snow
58,General Roca,AR,-39.03,-67.58,66.2,17,0,17.22,clear sky
59,Iqaluit,CA,63.75,-68.51,17.6,78,90,2.24,light snow
60,Kawalu,ID,-7.38,108.21,72.55,92,100,1.41,light rain
61,The Pas,CA,53.83,-101.25,28.4,79,90,4.7,light snow
62,Inverell,AU,-29.78,151.12,60.01,77,49,5.99,scattered clouds
63,Georgetown,MY,5.41,100.34,78.8,88,20,4.05,few clouds
64,Arraial Do Cabo,BR,-22.97,-42.03,75.2,83,0,14.99,clear sky
65,Inverness,GB,57.48,-4.22,45.0,93,75,5.82,moderate rain
66,Sur,OM,22.57,59.53,72.66,62,0,5.59,clear sky
67,Sergeyevka,KZ,53.88,67.42,27.72,95,100,18.95,overcast clouds
68,Arlit,NE,18.74,7.39,82.36,14,0,8.03,clear sky
69,Ushtobe,KZ,45.25,77.98,46.27,52,100,12.24,light rain
70,Biak,ID,-0.91,122.88,77.27,75,100,3.13,overcast clouds
71,Linqiong,CN,30.42,103.46,61.0,76,40,2.24,scattered clouds
72,Port Macquarie,AU,-31.43,152.92,64.0,79,72,5.03,broken clouds
73,Cherskiy,RU,68.75,161.3,11.3,93,99,7.99,overcast clouds
74,Burgeo,CA,47.62,-57.62,42.01,79,82,18.72,broken clouds
75,Tuktoyaktuk,CA,69.45,-133.04,12.2,85,90,11.41,light snow
76,Fortuna,US,40.6,-124.16,71.01,39,1,12.75,clear sky
77,Port Blair,IN,11.67,92.75,79.45,77,57,3.53,broken clouds
78,Castro,BR,-24.79,-50.01,69.85,56,0,4.65,clear sky
79,Comodoro Rivadavia,AR,-45.87,-67.5,59.0,30,20,25.28,few clouds
80,Ambilobe,MG,-13.2,49.05,72.54,86,1,2.1,clear sky
81,Meulaboh,ID,4.14,96.13,75.16,89,66,4.63,broken clouds
82,Lagoa,PT,39.05,-27.98,62.76,64,100,8.63,overcast clouds
83,Chapais,CA,49.78,-74.85,24.8,68,90,8.05,overcast clouds
84,Carnarvon,AU,-24.87,113.63,68.0,77,0,20.8,clear sky
85,Forio,IT,40.73,13.86,60.01,72,40,6.93,scattered clouds
86,Saint-Augustin,CA,51.23,-58.65,31.75,90,83,1.12,broken clouds
87,Nikolskoye,RU,59.7,30.79,51.8,81,90,8.95,light intensity shower rain
88,Dwarka,IN,22.24,68.97,81.12,58,0,10.22,clear sky
89,Sao Jose Da Coroa Grande,BR,-8.9,-35.15,77.83,77,20,13.31,few clouds
90,Kokopo,PG,-4.35,152.26,79.48,79,25,5.23,scattered clouds
91,Klaksvik,FO,62.23,-6.59,42.8,81,85,11.41,overcast clouds
92,La Ronge,CA,55.1,-105.28,28.4,92,90,5.82,light snow
93,Mataura,NZ,-46.19,168.86,53.01,72,8,1.99,clear sky
94,Flinders,AU,-34.58,150.86,59.0,89,77,1.01,light rain
95,Ucluelet,CA,48.93,-125.55,52.0,100,90,3.36,mist
96,Saldanha,ZA,-33.01,17.94,59.0,87,100,2.24,overcast clouds
97,Hermanus,ZA,-34.42,19.23,62.01,92,100,1.01,overcast clouds
98,Botwood,CA,49.15,-55.35,33.01,93,100,5.44,light rain
99,Arman,RU,59.7,150.17,28.99,81,0,5.97,clear sky
100,Caravelas,BR,-17.71,-39.25,76.39,88,80,5.21,broken clouds
101,Ribeira Grande,PT,38.52,-28.7,62.6,72,75,6.93,broken clouds
102,Kapaa,US,22.08,-159.32,82.99,83,75,4.7,broken clouds
103,Ust-Tsilma,RU,65.44,52.15,35.33,96,100,5.5,light rain
104,Panaba,MX,21.28,-88.27,79.2,90,97,13.24,light rain
105,Nacala,MZ,-14.54,40.67,75.15,82,0,2.24,clear sky
106,Pinheiro Machado,BR,-31.58,-53.38,62.01,96,100,18.01,overcast clouds
107,Khani,GE,41.96,42.96,69.8,46,0,27.51,clear sky
108,Turkistan,KZ,43.0,68.0,32.56,78,0,8.57,clear sky
109,Katsuura,JP,35.13,140.3,60.8,72,40,8.05,scattered clouds
110,Nouadhibou,MR,20.93,-17.03,80.6,47,100,19.46,overcast clouds
111,Vao,NC,-22.67,167.48,72.95,82,82,18.23,broken clouds
112,Bluff,NZ,-46.6,168.33,53.01,72,22,1.99,few clouds
113,Yellowknife,CA,62.46,-114.35,17.6,67,75,9.17,light snow
114,Sinnamary,GF,5.38,-52.95,82.06,75,36,11.39,light rain
115,Izhma,RU,65.01,53.91,33.94,96,100,7.0,light rain
116,Abalak,RU,58.13,68.59,17.78,96,91,11.61,overcast clouds
117,Feira De Santana,BR,-12.27,-38.97,84.76,52,100,5.53,overcast clouds
118,Sambava,MG,-14.27,50.17,72.01,88,8,5.97,clear sky
119,Qaanaaq,GL,77.48,-69.36,10.44,80,89,13.29,overcast clouds
120,Asau,RO,46.43,26.4,50.0,98,0,1.59,clear sky
121,Tigil,RU,57.8,158.67,34.07,89,89,1.48,overcast clouds
122,Sola,VU,-13.88,167.55,79.36,78,63,18.23,broken clouds
123,Ola,RU,59.58,151.28,29.75,83,0,7.29,clear sky
124,Waitati,NZ,-45.75,170.57,52.0,70,0,14.0,clear sky
125,Galesong,ID,-5.32,119.37,73.4,88,20,1.12,heavy intensity rain
126,Bondoukou,CI,8.03,-2.8,76.42,67,64,1.28,broken clouds
127,Hofn,IS,64.25,-15.21,37.11,82,100,22.17,overcast clouds
128,Savino,RU,56.59,41.22,37.85,87,4,8.57,clear sky
129,Provideniya,RU,64.38,-173.3,32.0,96,90,6.71,light snow
130,Roebourne,AU,-20.78,117.13,67.03,90,86,4.18,overcast clouds
131,Loandjili,CG,-4.76,11.86,77.65,87,67,8.08,broken clouds
132,Bolivar,US,37.61,-93.41,37.99,94,98,10.36,light rain
133,Codrington,AU,-38.27,141.97,52.47,89,80,7.05,broken clouds
134,Bajos De Haina,DO,18.42,-70.03,79.0,94,75,10.09,broken clouds
135,Banda Aceh,ID,5.56,95.32,79.36,74,80,11.83,broken clouds
136,Vila Franca Do Campo,PT,37.72,-25.43,64.4,72,75,3.36,broken clouds
137,Svetlogorsk,BY,52.63,29.73,46.72,81,12,6.82,few clouds
138,Talakan,RU,50.32,130.37,32.58,95,67,3.36,broken clouds
139,Amapa,BR,1.0,-52.0,90.59,40,80,4.18,broken clouds
140,San Lorenzo De El Escorial,ES,40.59,-4.15,52.0,85,67,2.57,broken clouds
141,Novyy Nekouz,RU,57.9,38.07,43.43,87,20,12.8,few clouds
142,Glace Bay,CA,46.2,-59.96,42.01,80,75,16.11,broken clouds
143,Carpinteria,US,34.4,-119.52,77.0,12,1,10.29,clear sky
144,Nyurba,RU,63.28,118.33,12.07,87,100,3.18,overcast clouds
145,Hobart,AU,-42.88,147.33,53.01,93,75,4.7,broken clouds
146,Livingston,GB,55.9,-3.52,44.01,87,40,13.87,scattered clouds
147,Mahebourg,MU,-20.41,57.7,70.0,79,2,3.0,clear sky
148,Voyvozh,RU,62.89,54.96,31.53,99,100,6.82,overcast clouds
149,Hamilton,US,39.18,-84.53,53.01,81,90,3.36,moderate rain
150,Juneau,US,58.3,-134.42,46.99,81,90,6.93,overcast clouds
151,Sernovodsk,RU,43.31,45.16,55.4,87,90,11.18,overcast clouds
152,Murgab,TM,37.5,61.97,48.2,57,3,6.93,clear sky
153,Oktyabrskoye,RU,43.06,44.74,51.8,93,4,8.95,clear sky
154,Tornio,FI,65.85,24.15,42.8,93,90,8.05,overcast clouds
155,Naze,JP,28.37,129.48,66.2,88,16,3.36,few clouds
156,Sungaipenuh,ID,-2.08,101.38,63.21,85,99,1.43,overcast clouds
157,Cabo San Lucas,MX,22.89,-109.91,82.4,58,40,6.93,scattered clouds
158,Bac Lieu,VN,9.29,105.72,77.68,89,100,9.84,overcast clouds
159,Dauphin,CA,51.15,-100.05,39.2,84,90,18.34,overcast clouds
160,Dingle,PH,11.0,122.67,75.87,87,80,3.65,broken clouds
161,Tura,IN,25.52,90.22,68.56,88,0,4.29,clear sky
162,Mont-Dore,NC,-22.28,166.58,79.0,96,95,9.84,overcast clouds
163,Bredasdorp,ZA,-34.53,20.04,62.6,82,100,2.24,overcast clouds
164,Ndele,CF,8.41,20.65,75.54,62,42,1.34,scattered clouds
165,Merauke,ID,-8.47,140.33,74.46,83,100,11.88,overcast clouds
166,Port Elizabeth,ZA,-33.92,25.57,62.6,93,17,19.46,few clouds
167,Yongan,CN,39.7,113.69,36.79,55,100,0.85,overcast clouds
168,Alice Springs,AU,-23.7,133.88,55.4,32,0,4.7,clear sky
169,Sao Joao Da Barra,BR,-21.64,-41.05,77.0,78,0,11.41,clear sky
170,Kushiro,JP,42.98,144.37,44.2,81,100,5.26,overcast clouds
171,San Nicolas,PH,18.17,120.6,78.8,100,90,2.24,overcast clouds
172,Fare,PF,-16.7,-151.02,80.4,81,96,19.57,overcast clouds
173,Gerede,TR,40.8,32.2,53.04,49,1,3.8,clear sky
174,Yiyang,CN,28.59,112.33,62.06,77,96,8.14,overcast clouds
175,Mount Gambier,AU,-37.83,140.77,50.0,93,40,5.55,scattered clouds
176,Honningsvag,NO,70.98,25.97,35.6,75,0,16.11,clear sky
177,Dibulla,CO,11.27,-73.31,85.75,72,53,8.97,broken clouds
178,Vredendal,ZA,-31.67,18.5,57.49,88,43,3.36,scattered clouds
179,Mujiayingzi,CN,42.12,118.78,34.05,67,0,5.75,clear sky
180,Deniliquin,AU,-35.53,144.97,55.36,72,72,10.87,broken clouds
181,Homer,US,59.64,-151.55,42.8,60,1,5.82,clear sky
182,Pasni,PK,25.26,63.47,73.6,53,0,6.55,clear sky
183,Mocuba,MZ,-16.84,36.99,72.52,87,0,3.53,clear sky
184,Buchanan,LR,5.88,-10.05,80.6,88,40,7.05,scattered clouds
185,Atikokan,CA,48.76,-91.62,28.83,87,100,12.26,overcast clouds
186,Barrow,US,71.29,-156.79,30.2,68,90,16.11,overcast clouds
187,Saskylakh,RU,71.92,114.08,4.96,93,100,10.22,light snow
188,Ilulissat,GL,69.22,-51.1,17.6,72,61,5.82,broken clouds
189,Tual,ID,-5.67,132.75,83.3,74,89,9.95,overcast clouds
190,Port Alfred,ZA,-33.59,26.89,65.84,86,20,10.96,few clouds
191,Ostrovnoy,RU,68.05,39.51,42.33,92,100,20.62,overcast clouds
192,Laguna,US,38.42,-121.42,75.0,19,1,4.7,clear sky
193,Noshiro,JP,40.2,140.02,45.95,78,0,5.75,clear sky
194,Mar Del Plata,AR,-38.0,-57.56,62.6,45,0,10.29,clear sky
195,Khatanga,RU,71.97,102.5,-1.46,92,83,11.39,broken clouds
196,Gamba,GA,-2.65,10.0,77.58,86,100,6.98,overcast clouds
197,Selma,US,36.57,-119.61,71.01,26,1,3.36,clear sky
198,Tezu,IN,27.92,96.17,70.88,58,7,3.04,clear sky
199,Constitucion,CL,-35.33,-72.42,55.96,60,9,12.15,clear sky
200,Asha,RU,55.0,57.27,27.61,94,0,2.37,clear sky
201,Santiago Del Estero,AR,-27.8,-64.26,94.12,17,0,15.64,clear sky
202,Lata,PT,40.16,-8.33,61.0,93,99,1.99,light rain
203,Westport,US,41.14,-73.36,57.0,67,100,5.17,overcast clouds
204,Taunggyi,MM,20.78,97.03,58.84,100,0,1.45,clear sky
205,Imbituba,BR,-28.24,-48.67,71.6,83,20,10.29,few clouds
206,Esil,KZ,51.96,66.4,27.43,96,100,19.48,overcast clouds
207,Tasiilaq,GL,65.61,-37.64,35.6,34,100,13.87,overcast clouds
208,Port Augusta,AU,-32.5,137.77,55.4,100,0,4.7,clear sky
209,Taltal,CL,-25.4,-70.48,62.91,63,22,6.98,few clouds
210,Kavieng,PG,-2.57,150.8,82.67,69,95,2.44,overcast clouds
211,Yomou,GN,7.56,-9.27,74.48,70,91,1.79,overcast clouds
212,Ugoofaaru,MV,5.67,73.0,82.6,75,0,6.62,clear sky
213,Woudenberg,NL,52.08,5.42,52.0,96,100,1.99,light rain
214,Bethel,US,41.37,-73.41,54.0,54,40,3.36,scattered clouds
215,Hilo,US,19.73,-155.09,78.8,78,90,4.7,light rain
216,Rio De Janeiro,BR,-22.9,-43.21,82.4,78,0,17.22,clear sky
217,Muros,ES,42.78,-9.06,57.99,93,99,8.59,light rain
218,Cidreira,BR,-30.18,-50.21,64.18,81,95,17.18,moderate rain
219,Saltpond,GH,5.21,-1.06,78.48,86,88,8.81,overcast clouds
220,Los Llanos De Aridane,ES,28.66,-17.92,71.6,68,75,9.17,broken clouds
221,Arawa,PG,-6.21,155.54,82.2,72,17,1.1,few clouds
222,Inhambane,MZ,-23.86,35.38,73.24,88,75,9.98,broken clouds
223,Tazovskiy,RU,67.47,78.7,-3.44,90,0,8.7,clear sky
224,Nanortalik,GL,60.14,-45.24,30.83,89,100,3.0,overcast clouds
225,Makubetsu,JP,45.37,141.82,46.27,77,99,7.94,overcast clouds
226,Puri,IN,19.8,85.85,76.8,60,12,6.91,few clouds
227,Cherepovets,RU,59.13,37.9,44.6,87,75,8.95,broken clouds
228,Newport,GB,51.59,-3.0,48.99,90,0,1.99,clear sky
229,Claremorris,IE,53.72,-9.0,48.0,72,81,4.0,broken clouds
230,Souillac,MU,-20.52,57.52,70.0,79,8,3.0,clear sky
231,Llangefni,GB,53.26,-4.31,53.01,66,0,24.16,light rain
232,Tautira,PF,-17.73,-149.15,84.2,74,75,18.34,broken clouds
233,Cienfuegos,CU,22.15,-80.44,89.6,66,97,6.93,light rain
234,Avarua,CK,-21.21,-159.78,71.6,88,100,4.7,light rain
235,Rio Gallegos,AR,-51.62,-69.22,53.6,25,20,21.92,few clouds
236,Saint-Francois,FR,46.42,3.91,55.4,66,90,8.05,overcast clouds
237,Bambanglipuro,ID,-7.95,110.28,76.05,89,74,4.88,broken clouds
238,Ballina,AU,-28.87,153.57,68.0,88,90,8.05,overcast clouds
239,Enugu,NG,6.44,7.49,75.18,87,62,3.11,broken clouds
240,Burnie,AU,-41.07,145.92,54.0,63,100,8.01,overcast clouds
241,Seoul,KR,37.57,126.98,57.2,87,75,5.26,broken clouds
242,Asfi,MA,32.3,-9.24,64.26,68,0,19.89,clear sky
243,Tessalit,ML,20.2,1.01,80.49,16,0,8.23,clear sky
244,Vaitape,PF,-16.52,-151.75,80.58,81,83,19.82,broken clouds
245,Cascais,PT,38.7,-9.42,63.0,90,99,9.44,overcast clouds
246,Saqqez,IR,36.25,46.27,42.48,65,0,1.19,clear sky
247,Sarahan,IN,31.52,77.8,45.68,49,0,4.65,clear sky
248,Roald,NO,62.58,6.13,45.0,87,75,6.93,broken clouds
249,Pietarsaari,FI,63.65,22.68,46.99,93,75,12.75,broken clouds
250,Zabid,YE,14.2,43.32,81.59,51,41,5.7,scattered clouds
251,Manta,EC,-0.95,-80.73,80.6,65,75,16.11,broken clouds
252,Cayenne,GF,4.93,-52.33,84.2,70,0,9.17,clear sky
253,Jinxiang,CN,27.43,120.61,63.34,85,2,6.71,clear sky
254,Gazanjyk,TM,39.24,55.52,51.33,41,0,12.37,clear sky
255,Victoria,HK,22.29,114.16,77.0,71,55,1.01,broken clouds
256,Natalio,PY,-26.72,-55.08,78.64,42,0,3.53,clear sky
257,Masterton,NZ,-40.96,175.66,57.0,89,100,3.0,overcast clouds
258,Mikhaylov,RU,54.23,39.02,37.0,89,39,3.0,scattered clouds
259,San Rafael,AR,-34.62,-68.33,73.92,21,2,8.12,clear sky
260,Yerbogachen,RU,61.28,108.01,17.64,97,79,4.21,broken clouds
261,Severnyy,RU,50.68,36.55,42.8,75,0,13.42,clear sky
262,Aktau,KZ,43.65,51.2,33.8,74,0,11.18,clear sky
263,Key West,US,24.56,-81.78,87.8,79,20,14.99,few clouds
264,Sitka,US,57.05,-135.33,46.4,87,90,5.82,moderate rain
265,General Delgado,PY,-27.17,-56.52,80.6,50,0,8.05,clear sky
266,Keuruu,FI,62.27,24.7,48.2,93,75,6.93,broken clouds
267,Yerofey Pavlovich,RU,53.97,121.97,18.61,89,95,3.31,overcast clouds
268,Dordrecht,NL,51.81,4.67,54.0,93,100,11.01,moderate rain
269,Ylojarvi,FI,61.56,23.6,48.2,93,75,6.93,broken clouds
270,Adrar,MR,20.5,-10.07,87.17,14,0,14.03,clear sky
271,Chhatarpur,IN,24.9,79.6,67.98,35,0,1.25,clear sky
272,Terra Santa,BR,-2.1,-56.49,92.93,45,99,2.37,overcast clouds
273,Aras,ES,42.56,-2.36,54.0,87,20,1.88,few clouds
274,Berlevag,NO,70.86,29.09,33.8,80,0,6.93,clear sky
275,Bonthe,SL,7.53,-12.51,80.62,81,99,5.37,overcast clouds
276,Puerto Escondido,MX,15.85,-97.07,78.8,74,90,2.24,overcast clouds
277,Sibut,CF,5.72,19.07,71.69,94,76,1.01,light rain
278,Juazeiro,BR,-9.41,-40.5,82.4,65,75,4.7,broken clouds
279,Lorengau,PG,-2.02,147.27,81.61,72,100,2.48,overcast clouds
280,Surt,LY,31.21,16.59,73.65,68,79,14.63,broken clouds
281,Hohhot,CN,40.81,111.65,24.8,58,0,4.47,clear sky
282,Port Hardy,CA,50.7,-127.42,48.2,93,90,8.05,light rain
283,Arbazh,RU,57.68,48.31,31.46,94,84,9.19,broken clouds
284,Poum,NC,-20.23,164.02,76.46,75,91,12.57,overcast clouds
285,La Rochelle,FR,46.17,-1.15,59.0,87,75,11.41,broken clouds
286,Isangel,VU,-19.55,169.27,77.76,73,5,17.13,clear sky
287,Trofors,NO,65.53,13.41,28.4,100,0,3.67,clear sky
288,Samarai,PG,-10.62,150.67,81.52,83,34,7.87,light rain
289,Narsaq,GL,60.92,-46.05,32.0,97,100,1.12,overcast clouds
290,Mandali,IQ,33.75,45.55,67.93,22,0,5.73,clear sky
291,Dongsheng,CN,39.82,109.98,35.08,62,100,4.23,overcast clouds
292,Torbay,CA,47.67,-52.73,41.0,100,90,12.75,light rain
293,Hasaki,JP,35.73,140.83,51.8,93,20,4.7,few clouds
294,Kirkwall,GB,58.98,-2.96,50.0,81,100,13.87,light rain
295,Qasigiannguit,GL,68.82,-51.19,17.6,72,69,5.82,broken clouds
296,Uttiramerur,IN,12.6,79.77,78.8,94,40,4.7,mist
297,Mitzic,GA,0.78,11.55,69.6,98,91,3.89,light rain
298,Aksu,CN,41.12,80.26,43.38,54,0,3.8,clear sky
299,Upernavik,GL,72.79,-56.15,17.37,82,0,5.57,clear sky
300,Prince Rupert,CA,54.32,-130.32,50.0,87,90,2.24,overcast clouds
301,Moose Factory,CA,51.26,-80.61,35.6,59,90,14.99,overcast clouds
302,Guerrero Negro,MX,27.98,-114.06,75.13,20,0,21.23,clear sky
303,Wenling,CN,28.37,121.36,66.0,87,0,7.14,clear sky
304,Pangody,RU,65.85,74.49,-0.51,90,0,8.41,clear sky
305,Wanaka,NZ,-44.7,169.15,49.64,65,99,1.83,overcast clouds
306,Goderich,CA,43.75,-81.72,44.01,80,100,9.6,light rain
307,Vangaindrano,MG,-23.35,47.6,71.49,89,32,2.33,light rain
308,Khartoum,SD,15.55,32.53,93.0,19,0,8.05,clear sky
309,Mandalgovi,MN,45.76,106.27,30.34,65,0,6.4,clear sky
310,Show Low,US,34.25,-110.03,28.4,86,90,11.41,overcast clouds
311,Kenai,US,60.55,-151.26,39.0,74,1,3.36,clear sky
312,Hinton,CA,53.4,-117.59,41.02,76,100,7.76,overcast clouds
313,Dunedin,NZ,-45.87,170.5,52.0,70,0,14.0,clear sky
314,Oriximina,BR,-1.77,-55.87,87.53,59,100,1.72,light rain
315,Zeya,RU,53.75,127.27,34.21,94,100,3.85,overcast clouds
316,Bairiki,KI,1.33,172.98,80.6,78,40,2.24,scattered clouds
317,Acapulco,MX,16.86,-99.89,86.0,79,90,6.93,overcast clouds
318,Bengkulu,ID,-3.8,102.27,75.72,83,98,4.43,overcast clouds
319,Esperance,AU,-33.87,121.9,53.6,100,100,6.93,overcast clouds
320,Dikson,RU,73.51,80.55,10.71,96,100,16.64,overcast clouds
321,Parabel,RU,58.7,81.48,31.35,99,100,7.4,light rain
322,Matane,CA,48.83,-67.52,32.0,58,90,13.82,overcast clouds
323,Warwick,US,41.7,-71.42,57.2,58,40,8.05,scattered clouds
324,Itaituba,BR,-4.28,-55.98,80.6,83,40,0.54,scattered clouds
325,Iranshahr,IR,27.2,60.68,64.4,12,0,9.17,clear sky
326,Airai,TL,-8.93,125.41,60.6,100,11,0.98,few clouds
327,Jian,CN,27.12,114.98,62.46,81,0,6.4,light rain
328,Clyde River,CA,70.47,-68.59,10.4,72,20,9.17,few clouds
329,Bardiyah,LY,31.76,25.09,71.65,69,31,11.9,scattered clouds
330,Bilma,NE,18.69,12.92,71.89,22,0,3.2,clear sky
331,Tambovka,RU,50.1,128.05,35.6,69,40,6.71,scattered clouds
332,Blagoyevo,RU,63.37,47.92,37.83,96,100,8.79,light rain
333,Kongolo,CD,-5.38,27.0,71.26,92,97,2.3,overcast clouds
334,Mimongo,GA,-1.62,11.61,71.13,95,100,4.27,moderate rain
335,Fort Myers Beach,US,26.45,-81.95,89.01,66,1,12.75,clear sky
336,Chuy,UY,-33.7,-53.46,61.79,94,100,14.25,moderate rain
337,Peravurani,IN,10.3,79.18,77.95,79,0,3.6,clear sky
338,Nome,US,64.5,-165.41,32.0,94,90,3.06,overcast clouds
339,Sorong,ID,-0.88,131.25,79.45,82,100,6.08,moderate rain
340,Chato,TZ,-2.64,31.77,71.73,68,94,3.24,overcast clouds
341,Mareeba,AU,-17.0,145.43,75.99,88,100,1.99,overcast clouds
342,Alta Floresta,BR,-9.88,-56.09,80.6,83,40,12.75,shower rain
343,Pendleton,US,45.67,-118.79,55.99,40,1,4.7,clear sky
344,Pafos,CY,34.77,32.42,75.2,73,40,9.17,scattered clouds
345,Kalmanka,RU,52.9,83.54,37.4,74,40,22.37,scattered clouds
346,Vila Velha,BR,-20.33,-40.29,77.0,83,40,13.87,scattered clouds
347,Yatou,CN,37.15,122.38,53.58,51,87,9.98,overcast clouds
348,Shinshiro,JP,34.9,137.5,53.6,81,40,8.05,scattered clouds
349,Genhe,CN,50.78,121.52,20.14,94,94,6.44,overcast clouds
350,Pangnirtung,CA,66.15,-65.71,14.0,56,20,6.93,few clouds
351,Geraldton,AU,-28.77,114.6,62.6,77,90,11.41,overcast clouds
352,Yulara,AU,-25.24,130.99,60.8,31,0,5.82,clear sky
353,Kargasok,RU,59.06,80.86,27.73,99,100,10.65,light snow
354,Mana,GF,5.66,-53.78,82.08,77,70,10.49,broken clouds
355,Kashi,CN,39.45,75.98,48.2,36,0,8.95,clear sky
356,San Quintin,MX,30.48,-115.95,70.99,22,0,5.1,clear sky
357,Shentala,RU,54.45,51.48,29.73,92,98,1.59,overcast clouds
358,Taoudenni,ML,22.68,-3.98,85.33,15,0,7.94,clear sky
359,Gao,ML,16.64,1.64,83.41,14,0,8.14,clear sky
360,Vestmannaeyjar,IS,63.44,-20.27,41.41,72,28,32.32,scattered clouds
361,Jiangyou,CN,31.77,104.72,55.89,76,90,0.92,light rain
362,Baykit,RU,61.67,96.37,13.1,91,100,10.45,overcast clouds
363,Quatre Cocos,MU,-20.21,57.76,70.0,79,0,3.0,clear sky
364,Lavrentiya,RU,65.58,-171.0,30.56,93,100,10.25,overcast clouds
365,Dobrun,RU,53.19,34.25,44.85,78,5,7.47,clear sky
366,Talaya,RU,61.38,152.75,11.05,89,0,3.24,clear sky
367,Tema,GH,5.67,-0.02,80.6,88,40,11.41,scattered clouds
368,Bolpur,IN,23.67,87.72,68.25,54,0,5.59,clear sky
369,Atbasar,KZ,51.8,68.33,27.95,93,99,19.62,overcast clouds
370,Cabra,ES,37.47,-4.44,51.8,87,0,1.12,clear sky
371,Kedougou,SN,12.56,-12.17,79.34,32,78,2.95,broken clouds
372,Buala,SB,-8.14,159.59,82.69,76,3,1.81,clear sky
373,Paamiut,GL,61.99,-49.67,28.06,85,59,18.28,broken clouds
374,Anloga,GH,5.79,0.9,80.6,88,20,9.17,few clouds
375,Millerovo,RU,48.92,40.4,43.59,66,84,16.26,broken clouds
376,Okhotsk,RU,59.38,143.3,27.73,83,0,8.1,clear sky
377,Ponta Delgada,PT,37.73,-25.67,64.4,72,75,3.36,broken clouds
378,Husavik,IS,66.04,-17.34,37.4,64,90,6.93,overcast clouds
379,Presidente Dutra,BR,-5.29,-44.49,86.81,55,88,2.3,light rain
380,Kondrovo,RU,54.81,35.93,46.0,87,2,6.71,clear sky
381,Uttarkashi,IN,30.73,78.45,57.09,34,0,5.41,clear sky
382,Kuytun,RU,54.34,101.5,27.61,97,59,6.29,broken clouds
383,Ziyang,CN,29.25,117.85,60.01,91,7,3.36,clear sky
384,Henties Bay,NA,-22.12,14.28,59.0,89,22,1.01,few clouds
385,La Asuncion,VE,11.03,-63.86,89.6,55,0,17.22,clear sky
386,Flagstaff,US,35.2,-111.65,45.0,22,1,9.17,clear sky
387,Changli,CN,39.7,119.15,45.1,46,100,4.45,overcast clouds
388,Khandyga,RU,62.67,135.6,12.6,97,99,2.44,overcast clouds
389,Tecoanapa,MX,16.52,-98.75,85.91,69,53,9.26,light rain
390,Kuragino,RU,53.9,92.67,32.7,91,82,5.59,broken clouds
391,Altamira,BR,-3.2,-52.21,87.8,66,75,3.36,broken clouds
392,Ayagoz,KZ,47.97,80.44,41.61,62,73,23.73,broken clouds
393,Hay River,CA,60.82,-115.8,23.0,73,75,13.87,broken clouds
394,Grand Gaube,MU,-20.01,57.66,70.0,79,0,3.0,clear sky
395,Trincomalee,LK,8.57,81.23,79.14,79,1,4.36,clear sky
396,Havoysund,NO,71.0,24.66,35.6,79,0,16.11,clear sky
397,Pandharpur,IN,17.67,75.33,72.59,69,2,4.56,clear sky
398,San,ML,13.3,-4.9,81.34,15,100,4.32,overcast clouds
399,Posse,BR,-14.09,-46.37,81.23,57,58,4.83,broken clouds
400,Pecos,US,31.42,-103.49,32.0,60,90,11.41,light intensity drizzle
401,Kavaratti,IN,10.57,72.64,81.21,76,96,7.23,overcast clouds
402,Sungairaya,ID,0.7,108.9,76.98,90,98,6.44,overcast clouds
403,Northam,GB,51.03,-4.22,50.0,80,1,15.01,light rain
404,Sandnessjoen,NO,66.02,12.63,42.8,70,0,5.82,clear sky
405,Usinsk,RU,65.99,57.53,27.73,98,100,14.97,light snow
406,Bagaces,CR,10.53,-85.25,84.2,79,75,9.17,broken clouds
407,Jumla,NP,29.27,82.18,42.87,55,0,4.7,clear sky
408,East London,ZA,-33.02,27.91,70.97,85,35,8.08,scattered clouds
409,Gweta,BW,-20.18,25.23,84.88,16,41,16.78,scattered clouds
410,Juybar,IR,36.64,52.91,65.03,82,20,5.19,few clouds
411,Nesbyen,NO,60.57,9.1,35.01,97,100,2.68,overcast clouds
412,Kamenka,RU,51.32,42.77,38.01,71,100,11.39,overcast clouds
413,Norsup,VU,-16.07,167.38,82.4,74,40,6.93,scattered clouds
414,Praia Da Vitoria,PT,38.73,-27.07,64.4,63,75,7.78,broken clouds
415,Alice,US,27.75,-98.07,55.4,87,90,11.41,overcast clouds
416,Doume,CM,4.23,13.45,70.41,87,100,1.61,overcast clouds
417,Maryborough,AU,-25.53,152.7,69.85,91,37,4.07,scattered clouds
418,Zhuhai,CN,22.28,113.57,77.0,78,0,10.29,clear sky
419,Yumen,CN,40.28,97.2,38.05,70,99,8.14,overcast clouds
420,Kruisfontein,ZA,-34.0,24.73,61.0,92,27,10.56,scattered clouds
421,Mersing,MY,2.43,103.84,77.56,86,87,4.88,overcast clouds
422,Nioki,CD,-2.72,17.68,73.51,94,96,2.68,overcast clouds
423,Powell River,CA,49.85,-124.54,48.2,81,90,6.93,overcast clouds
424,San Patricio,US,28.02,-97.52,64.4,72,90,12.75,overcast clouds
425,Shimanovsk,RU,52.0,127.7,32.54,96,97,4.43,overcast clouds
426,Buin,CL,-33.73,-70.75,64.99,43,90,4.7,overcast clouds
427,Spring Valley,US,36.11,-115.25,68.0,7,1,4.7,clear sky
428,Nelson Bay,AU,-32.72,152.15,63.0,82,75,9.17,broken clouds
429,Caramay,PH,10.18,119.24,79.97,81,94,6.89,overcast clouds
430,Gat,IL,31.61,34.76,75.99,100,32,4.34,scattered clouds
431,Ishimbay,RU,53.45,56.04,29.34,93,14,4.47,few clouds
432,Yueyang,CN,29.33,113.09,62.96,70,77,12.06,broken clouds
433,Gambela,ET,8.25,34.58,72.72,81,71,3.18,broken clouds
434,Jiuquan,CN,39.74,98.52,38.16,71,96,5.75,overcast clouds
435,Mackay,AU,-21.15,149.2,75.2,83,40,4.7,scattered clouds
436,Grand Island,US,40.92,-98.34,41.0,32,1,13.87,clear sky
437,Guzelyurt,TR,38.28,34.37,60.8,29,0,6.93,clear sky
438,Longyearbyen,SJ,78.22,15.64,30.2,86,75,5.82,light snow
439,Bahia Blanca,AR,-38.72,-62.27,66.2,45,75,16.11,light rain
440,Atambua,ID,-9.11,124.89,74.73,81,41,1.81,scattered clouds
441,Griffith,US,41.53,-87.42,37.99,100,90,5.82,overcast clouds
442,Aykhal,RU,66.0,111.5,-11.65,88,64,5.08,broken clouds
443,Baoqing,CN,46.33,132.21,35.71,81,35,6.13,scattered clouds
444,Nanakuli,US,21.39,-158.15,80.6,74,1,2.3,clear sky
445,Garowe,SO,8.41,48.48,74.37,63,1,10.8,clear sky
446,Santa Lucia,ES,27.91,-15.54,71.6,64,75,18.34,broken clouds
447,Luangwa,ZM,-15.62,30.42,82.54,34,1,5.19,clear sky
448,Edd,ER,13.93,41.69,83.73,45,0,19.35,clear sky
449,Zonguldak,TR,41.25,31.83,56.53,88,0,3.02,clear sky
450,Faanui,PF,-16.48,-151.75,79.74,82,80,19.66,broken clouds
451,Sao Paulo De Olivenca,BR,-3.38,-68.87,87.12,68,95,0.22,light rain
452,Siderno,IT,38.28,16.3,57.2,93,40,11.41,light rain
453,Humberto De Campos,BR,-2.6,-43.46,79.93,73,3,7.0,clear sky
454,Veraval,IN,20.9,70.37,78.58,50,0,10.27,clear sky
455,At-Bashi,KG,41.17,75.81,35.53,69,96,5.66,overcast clouds
456,Zunyi,CN,27.69,106.91,55.47,85,100,6.93,light rain
457,Padang,ID,-0.95,100.35,77.14,73,96,4.03,overcast clouds
458,Kihei,US,20.79,-156.47,87.8,55,40,8.05,scattered clouds
459,Sadiqabad,PK,28.31,70.13,70.03,22,0,5.57,clear sky
460,Aklavik,CA,68.22,-135.01,10.4,92,75,4.7,broken clouds
461,Oranjemund,NA,-28.55,16.43,58.21,85,4,6.29,clear sky
462,Boa Vista,BR,2.82,-60.67,93.2,38,40,11.41,scattered clouds
463,Maracaju,BR,-21.61,-55.17,80.56,54,0,5.35,clear sky
464,Dalbandin,PK,28.89,64.41,56.46,30,0,3.04,clear sky
465,Rosario Oeste,BR,-14.84,-56.43,82.51,70,80,4.7,moderate rain
466,Nhulunbuy,AU,-12.23,136.77,78.8,88,100,3.36,overcast clouds
467,Ossora,RU,59.24,163.07,32.7,92,83,7.65,broken clouds
468,Assiniboia,CA,49.63,-105.98,45.72,71,40,18.01,scattered clouds
469,Natitingou,BJ,10.3,1.38,73.4,69,98,4.7,overcast clouds
470,Lompoc,US,34.64,-120.46,72.0,26,1,13.87,clear sky
471,Morondava,MG,-20.28,44.28,77.56,65,0,10.63,clear sky
472,Namibe,AO,-15.2,12.15,70.25,81,95,6.53,overcast clouds
473,Yarmouth,US,41.71,-70.23,52.0,71,1,9.17,clear sky
474,Dubbo,AU,-32.25,148.62,59.0,77,75,12.75,broken clouds
475,Bourail,NC,-21.57,165.48,76.68,60,85,5.84,overcast clouds
476,Karlstad,SE,59.38,13.5,48.2,93,100,18.34,light intensity drizzle
477,Salinopolis,BR,-0.61,-47.36,81.52,79,69,10.07,broken clouds
478,Port Lincoln,AU,-34.73,135.87,56.55,81,0,5.17,clear sky
479,Saint-Georges,GD,12.06,-61.75,78.8,83,40,5.82,light intensity shower rain
480,Trat,TH,12.5,102.5,73.38,91,100,3.04,overcast clouds
481,Zhezkazgan,KZ,47.8,67.71,30.29,93,77,14.07,broken clouds
482,Musoma,TZ,-1.5,33.8,71.22,75,95,10.13,light rain
483,Kommunar,RU,59.62,30.39,51.8,81,90,8.95,overcast clouds
484,Fort Nelson,CA,58.81,-122.7,32.0,85,75,10.29,broken clouds
485,Ancud,CL,-41.87,-73.82,48.99,87,90,17.22,light intensity shower rain
486,Chernyshevskiy,RU,63.01,112.47,15.4,98,100,3.15,overcast clouds
487,Portland,US,45.52,-122.68,59.0,54,20,3.36,few clouds
488,Ketchikan,US,55.34,-131.65,46.4,100,40,8.05,scattered clouds
489,Atar,MR,20.52,-13.05,87.8,17,0,10.49,clear sky
490,Punta Alta,AR,-38.88,-62.07,66.2,45,75,16.11,broken clouds
491,Salalah,OM,17.02,54.09,78.8,69,20,3.36,few clouds
492,Antofagasta,CL,-23.65,-70.4,62.6,72,40,16.11,scattered clouds
493,Maldonado,UY,-34.67,-54.92,61.0,93,90,13.87,mist
494,Jalu,LY,29.03,21.55,74.23,36,22,11.41,few clouds
495,Esmeraldas,BR,-19.76,-44.31,87.8,69,40,8.05,scattered clouds
496,Fairbanks,US,64.84,-147.72,30.2,92,90,9.17,light snow
497,Harlingen,US,26.19,-97.7,69.8,64,90,14.99,overcast clouds
498,Bacolod,PH,10.67,122.95,78.51,77,98,5.08,overcast clouds
499,Sinjar,IQ,36.32,41.88,64.53,28,0,5.82,clear sky
500,Hambantota,LK,6.12,81.12,78.4,83,67,8.72,broken clouds
501,Borogontsy,RU,62.67,131.17,3.45,93,100,3.06,overcast clouds
502,Lagunas,PE,-5.23,-75.68,92.93,49,59,4.68,light rain
503,Grindavik,IS,63.84,-22.43,41.0,52,0,27.51,clear sky
504,Tuensang,IN,26.28,94.83,63.77,83,0,1.74,light rain
505,Netarhat,IN,23.48,84.27,58.3,59,0,2.62,clear sky
506,Coahuayana,MX,18.73,-103.68,82.4,74,75,9.17,broken clouds
507,Moba,CN,33.23,105.02,36.9,88,100,4.83,overcast clouds
508,North Augusta,US,33.5,-81.97,80.6,65,1,0.56,clear sky
509,Tatvan,TR,38.51,42.28,46.62,52,32,2.64,scattered clouds
510,San Lorenzo,PY,-25.33,-57.53,86.0,28,0,2.24,clear sky
511,Vardo,NO,70.37,31.11,39.2,93,75,9.17,broken clouds
512,Umm Lajj,SA,25.02,37.27,82.29,45,0,5.95,clear sky
513,Cap Malheureux,MU,-19.98,57.61,70.0,79,0,3.0,clear sky
514,Leningradskiy,RU,69.38,178.42,17.51,90,0,18.43,clear sky
515,Puerto Madero,MX,14.72,-92.42,83.75,76,91,9.1,light rain
516,Lerum,SE,57.77,12.27,48.99,87,75,12.75,broken clouds
517,Talnakh,RU,69.49,88.4,-4.38,83,0,5.46,clear sky
518,Malakal,SS,9.53,31.66,77.94,71,7,5.26,clear sky
519,Manadhoo,MV,5.77,73.38,82.35,76,3,7.43,clear sky
520,Kochinda,IN,21.73,84.35,66.43,55,0,2.17,clear sky
521,Road Town,VG,18.42,-64.62,82.4,78,40,9.17,scattered clouds
522,Kokkola,FI,63.84,23.13,46.99,93,75,12.75,broken clouds
523,The Valley,AI,18.22,-63.06,80.6,83,40,13.87,scattered clouds
524,Mesto Albrechtice,CZ,50.16,17.57,45.0,98,96,4.09,overcast clouds
525,Dakar,SN,14.69,-17.44,78.8,78,0,10.31,clear sky
526,Beloha,MG,-25.17,45.05,69.78,85,0,12.95,clear sky
527,Red Bank,US,40.35,-74.06,57.99,82,1,4.7,clear sky
528,Beringovskiy,RU,63.05,179.32,27.0,92,87,11.79,overcast clouds
529,Hobyo,SO,5.35,48.53,79.39,81,12,11.43,few clouds
530,Tigzirt,DZ,36.89,4.12,61.29,61,43,6.67,scattered clouds
531,Margate,GB,51.38,1.39,51.01,86,30,1.99,scattered clouds
532,Rincon,US,32.3,-81.24,82.4,61,40,8.05,scattered clouds
533,Mucurapo,TT,10.67,-61.53,82.99,69,20,11.41,shower rain
534,Marawi,PH,8.0,124.29,75.0,89,100,5.01,light rain
535,Chulman,RU,56.85,124.91,10.98,94,100,6.6,light snow
536,Shima,CN,24.45,117.81,71.6,73,0,6.71,clear sky
537,Porto Novo,BJ,6.5,2.6,80.6,88,40,10.29,scattered clouds
538,Sri Aman,MY,1.24,111.46,75.2,94,100,2.24,overcast clouds
539,Pallasovka,RU,50.05,46.88,34.14,81,0,7.27,clear sky
540,Mabaruma,GY,8.2,-59.78,81.63,75,19,4.21,few clouds
541,Skibbereen,IE,51.55,-9.27,44.6,87,75,16.11,broken clouds
542,Goshogawara,JP,40.8,140.44,43.0,98,0,1.99,clear sky
543,College,US,64.86,-147.8,30.2,80,90,5.82,overcast clouds
544,Hawalli,KW,29.28,48.0,68.0,45,5,6.93,clear sky
545,Marsh Harbour,BS,26.54,-77.06,81.93,76,0,12.44,clear sky
546,Tatawin,TN,32.93,10.45,60.8,59,0,2.24,clear sky
547,Revda,RU,56.8,59.93,23.0,92,0,8.95,clear sky
548,Minbu,MM,20.18,94.88,76.66,87,73,1.03,moderate rain
549,Gerash,IR,27.67,54.14,64.4,39,0,2.42,clear sky
550,Tirumullaivasal,IN,11.23,79.83,79.36,81,0,8.63,clear sky
551,Maxixe,MZ,-23.86,35.35,72.72,89,77,9.22,broken clouds
552,Kadoma,JP,34.73,135.58,48.2,100,0,2.24,clear sky
553,Kaeo,NZ,-35.1,173.78,68.0,84,91,3.0,overcast clouds
554,Kandiari,PK,26.92,68.52,76.19,21,0,7.9,clear sky
555,Tuatapere,NZ,-46.13,167.68,53.01,72,12,1.99,few clouds
556,Pali,IN,25.77,73.33,71.67,21,0,5.93,clear sky
557,Mundo Nuevo,MX,18.7,-95.5,80.53,77,65,8.25,broken clouds
558,Anahuac,MX,27.23,-100.15,44.6,100,90,11.41,mist
559,Namatanai,PG,-3.67,152.43,81.66,74,66,2.75,broken clouds
560,Port Hueneme,US,34.15,-119.2,82.4,22,20,13.87,smoke
561,Ginda,IN,30.69,78.49,50.54,43,0,5.68,clear sky
562,Karratha,AU,-20.74,116.85,67.46,89,76,3.89,broken clouds
563,Labuhan,ID,-6.88,112.21,77.95,85,100,8.48,overcast clouds
564,Kutum,SD,14.2,24.67,76.39,22,0,12.48,clear sky
565,Batagay-Alyta,RU,67.8,130.41,1.27,85,1,3.42,clear sky
566,Labuan,MY,5.28,115.24,77.0,94,20,8.34,few clouds
567,Santa Ines,BR,-3.67,-45.38,84.36,61,66,5.93,broken clouds
568,Balkhash,KZ,46.84,74.98,35.8,75,5,22.28,clear sky
569,Cuamba,MZ,-14.8,36.54,73.31,66,67,1.97,broken clouds
570,Faya,SA,18.39,42.45,60.8,25,0,4.94,clear sky
571,Manavalakurichi,IN,8.13,77.3,80.6,94,20,6.51,mist
572,Coquimbo,CL,-29.95,-71.34,57.2,67,40,12.75,scattered clouds
573,Lodja,CD,-3.48,23.43,70.38,90,100,1.77,light rain
574,Kudahuvadhoo,MV,2.67,72.89,81.97,78,40,12.66,scattered clouds
575,Menongue,AO,-14.66,17.69,80.71,22,99,5.66,overcast clouds
576,Bichena,ET,10.45,38.2,51.04,48,0,2.59,clear sky
577,Marevo,RU,57.31,32.08,47.57,82,0,11.86,clear sky
578,Kamina,CD,-8.74,24.99,66.33,95,94,5.01,overcast clouds
579,Vung Tau,VN,10.35,107.08,78.89,85,100,16.13,light rain
580,Tiznit,MA,29.58,-9.5,62.29,70,0,2.8,clear sky
581,Bhuj,IN,23.27,69.67,76.87,39,0,6.24,clear sky
582,Harper,LR,4.38,-7.72,78.21,88,58,7.76,light rain
583,San Ignacio,BZ,17.16,-89.07,91.4,59,0,3.36,clear sky
584,Novyy Buyan,RU,53.69,50.05,26.6,92,0,2.1,clear sky
585,Misratah,LY,32.38,15.09,69.98,67,17,21.94,few clouds
586,Urdoma,RU,61.75,48.54,36.37,95,100,10.58,overcast clouds
587,San Jeronimo,PE,-11.95,-75.28,54.55,66,83,13.6,moderate rain
588,Gilgit,PK,35.92,74.31,55.56,33,22,0.76,few clouds
589,Hovd,MN,48.01,91.64,29.86,79,91,0.18,overcast clouds
590,Iralaya,HN,15.0,-83.23,83.17,75,100,8.93,overcast clouds
591,Eureka,US,40.8,-124.16,71.01,55,1,5.82,clear sky
592,Korla,CN,41.76,86.15,39.99,92,0,1.01,clear sky
593,Oranjestad,AW,12.52,-70.03,86.0,70,40,11.41,scattered clouds
594,Flin Flon,CA,54.77,-101.86,28.4,79,90,5.82,overcast clouds
595,Silver City,US,32.77,-108.28,30.2,92,90,12.75,overcast clouds
596,Keti Bandar,PK,24.14,67.45,78.51,61,0,8.68,clear sky
597,Barra Dos Coqueiros,BR,-10.91,-37.04,80.6,78,40,12.75,scattered clouds
598,Caranavi,BO,-15.82,-67.55,77.36,58,78,3.04,broken clouds
599,Bikin,RU,46.82,134.26,37.15,80,100,2.35,overcast clouds
600,Morro Bay,US,35.37,-120.85,75.99,20,0,7.0,clear sky
601,Agadir,MA,30.42,-9.6,62.6,82,0,4.7,clear sky
602,Xining,CN,36.62,101.77,30.09,95,61,1.52,broken clouds
603,Camocim,BR,-2.9,-40.84,79.9,77,69,14.83,broken clouds
604,Bereda,ES,43.27,-7.54,55.99,100,99,5.99,overcast clouds
605,Neftcala,AZ,39.37,49.25,62.8,70,0,12.15,clear sky
606,Grajau,BR,-5.82,-46.14,83.66,66,41,4.09,light rain
607,Haines Junction,CA,60.75,-137.51,33.01,85,15,2.24,few clouds
608,Havre-Saint-Pierre,CA,50.23,-63.6,32.0,82,20,6.93,few clouds
609,Wala,CM,4.58,12.32,70.12,88,66,1.59,broken clouds
610,Kieta,PG,-6.22,155.63,82.13,72,9,1.7,clear sky
611,Severo-Yeniseyskiy,RU,60.37,93.04,21.45,97,100,12.46,light snow
612,Marienburg,PL,54.04,19.03,48.0,100,84,10.58,broken clouds
613,Quchan,IR,37.11,58.51,46.36,52,0,3.71,clear sky
614,Gotsu,JP,35.0,132.22,57.49,62,100,3.44,overcast clouds
615,Kaura Namoda,NG,12.59,6.58,78.12,25,0,3.91,clear sky
616,Lake Charles,US,30.21,-93.2,81.0,74,90,4.7,overcast clouds
617,Mayo,US,38.89,-76.51,62.6,72,40,4.7,scattered clouds
618,Plettenberg Bay,ZA,-34.05,23.37,62.17,70,87,6.89,overcast clouds
619,Barkly West,ZA,-28.54,24.52,73.4,46,68,18.34,broken clouds
620,Englehart,CA,47.82,-79.87,32.0,82,90,10.29,overcast clouds
621,Kalakamati,BW,-20.59,27.31,74.8,30,0,12.97,clear sky
622,Kurilsk,RU,45.23,147.88,45.68,68,97,6.82,overcast clouds
623,Vokhma,RU,58.93,46.76,31.57,96,75,8.3,broken clouds
624,Koshurnikovo,RU,54.17,93.3,28.33,96,65,4.52,broken clouds
625,Mafinga,TZ,-7.25,35.07,71.62,60,14,6.13,few clouds
626,Yangambi,CD,0.81,24.43,72.18,95,100,0.58,overcast clouds
627,Oloron-Sainte-Marie,FR,43.19,-0.61,55.4,93,99,6.93,mist
628,Uyuni,BO,-20.46,-66.83,62.58,19,0,28.12,clear sky
629,Staryy Nadym,RU,65.61,72.68,1.99,91,0,5.91,clear sky
630,Kenora,CA,49.82,-94.43,26.6,86,90,13.87,overcast clouds
631,Agua Dulce,MX,18.13,-94.13,91.4,49,75,6.08,broken clouds
632,Beira,MZ,-19.84,34.84,75.2,88,40,10.29,scattered clouds
633,Paramonga,PE,-10.67,-77.83,66.76,76,100,8.75,overcast clouds
634,Kantabanji,IN,20.48,82.92,67.48,67,0,1.66,clear sky
635,Mangalam,IN,9.77,78.67,80.19,78,0,1.01,clear sky
636,Bandar-E Lengeh,IR,26.56,54.88,71.6,68,0,4.7,clear sky
637,Dhidhdhoo,MV,6.88,73.1,82.17,77,69,7.07,broken clouds
638,Krasnoselkup,RU,65.7,82.47,-1.89,88,0,13.24,clear sky
639,Georgiyevskoye,RU,58.73,45.02,33.06,93,57,8.7,broken clouds
640,Olga,RU,43.74,135.29,42.53,79,83,3.33,broken clouds
641,Turinsk,RU,58.05,63.7,21.31,96,43,7.18,scattered clouds
642,Qui Nhon,VN,13.77,109.23,74.34,87,100,35.5,heavy intensity rain
643,Pangai,TO,-19.8,-174.35,77.0,83,40,16.11,scattered clouds
644,Novobelokatay,RU,55.71,58.95,26.89,94,66,9.24,broken clouds
645,Del Rio,US,29.36,-100.9,42.8,81,90,9.17,overcast clouds
646,Gualaquiza,EC,-3.4,-78.55,77.79,68,100,2.51,moderate rain
647,Davila,PH,18.47,120.58,78.8,100,90,2.24,overcast clouds
648,Udachnyy,RU,66.42,112.4,-12.3,88,83,3.38,broken clouds
649,Manakara,MG,-22.13,48.02,70.14,91,7,2.75,clear sky
650,Natal,BR,-5.79,-35.21,80.6,78,40,9.17,scattered clouds
651,Sorsk,RU,54.0,90.25,32.32,93,94,5.32,overcast clouds
652,Cabedelo,BR,-6.98,-34.83,78.8,78,20,10.29,few clouds
653,Barranca De Upia,CO,4.57,-72.97,85.35,77,83,3.51,moderate rain
654,Micheweni,TZ,-4.97,39.83,78.28,82,2,9.24,light rain
655,San Pedro,PH,14.35,121.02,80.01,88,40,5.59,scattered clouds
656,Hervey Bay,AU,-25.3,152.85,73.0,94,90,8.05,overcast clouds
657,Uinskoye,RU,56.88,56.58,29.41,91,100,6.64,light snow
658,Olinda,BR,-8.01,-34.86,80.6,69,40,10.29,scattered clouds
659,Valparaiso,CL,-33.04,-71.63,62.6,51,0,11.41,clear sky
660,Muroto,JP,33.28,134.15,59.0,82,20,8.05,few clouds
661,Mathbaria,BD,22.29,89.96,72.9,75,0,5.37,clear sky
662,Bougouni,ML,11.42,-7.48,76.64,33,90,1.36,overcast clouds
663,Brunico,IT,46.8,11.94,32.0,92,0,5.82,clear sky
664,Ereymentau,KZ,51.62,73.1,27.55,96,9,14.14,clear sky
665,Pacifica,US,37.61,-122.49,75.2,16,20,8.32,few clouds
666,Jutai,BR,-5.18,-68.9,91.38,52,62,1.03,broken clouds
